Node,Owner
kind-control-plane,UserA
kind-control-plane2,UserB
kind-control-plane3,UserC
kind-control-plane4,UserD
kind-control-plane5,UserE
kind-control-plane6,UserF
kind-control-plane7,UserG
kind-control-plane8,UserH
kind-control-plane9,UserI
kind-control-plane10,UserJ
kind-control-plane11,UserA
kind-control-plane12,UserB
kind-control-plane13,UserC
kind-control-plane14,UserD
kind-control-plane15,UserE
kind-control-plane16,UserF
kind-control-plane17,UserG
kind-control-plane18,UserH
kind-control-plane19,UserI
kind-control-plane20,UserJ
kind-control-plane21,UserA
kind-control-plane22,UserB
kind-control-plane23,UserC
kind-control-plane24,UserD
kind-control-plane25,UserE
kind-control-plane26,UserF
kind-control-plane27,UserG
kind-control-plane28,UserH
kind-control-plane29,UserI
kind-control-plane30,UserJ
kind-control-plane31,UserA
kind-control-plane32,UserB
kind-control-plane33,UserC
kind-control-plane34,UserD
kind-control-plane35,UserE
kind-control-plane36,UserF
kind-control-plane37,UserG
kind-control-plane38,UserH
kind-control-plane39,UserI
kind-control-plane40,UserJ
kind-control-plane41,UserA
kind-control-plane42,UserB
kind-control-plane43,UserC
kind-control-plane44,UserD
kind-control-plane45,UserE
kind-control-plane46,UserF
kind-control-plane47,UserG
kind-control-plane48,UserH
kind-control-plane49,UserI
kind-control-plane50,UserJ